{
  "images" : [
    {
      "filename" : "40-1.png",
      "idiom" : "iphone",
      "scale" : "2x",
      "size" : "20x20"
    },
    {
      "filename" : "60-1.png",
      "idiom" : "iphone",
      "scale" : "3x",
      "size" : "20x20"
    },
    {
      "filename" : "29.png",
      "idiom" : "iphone",
      "scale" : "1x",
      "size" : "29x29"
    },
    {
      "filename" : "58-1.png",
      "idiom" : "iphone",
      "scale" : "2x",
      "size" : "29x29"
    },
    {
      "filename" : "87-1.png",
      "idiom" : "iphone",
      "scale" : "3x",
      "size" : "29x29"
    },
    {
      "filename" : "80-1.png",
      "idiom" : "iphone",
      "scale" : "2x",
      "size" : "40x40"
    },
    {
      "filename" : "120-1.png",
      "idiom" : "iphone",
      "scale" : "3x",
      "size" : "40x40"
    },
    {
      "filename" : "57.png",
      "idiom" : "iphone",
      "scale" : "1x",
      "size" : "57x57"
    },
    {
      "filename" : "114-1.png",
      "idiom" : "iphone",
      "scale" : "2x",
      "size" : "57x57"
    },
    {
      "filename" : "120-2.png",
      "idiom" : "iphone",
      "scale" : "2x",
      "size" : "60x60"
    },
    {
      "filename" : "180-1.png",
      "idiom" : "iphone",
      "scale" : "3x",
      "size" : "60x60"
    },
    {
      "filename" : "20-1.png",
      "idiom" : "ipad",
      "scale" : "1x",
      "size" : "20x20"
    },
    {
      "filename" : "40-2.png",
      "idiom" : "ipad",
      "scale" : "2x",
      "size" : "20x20"
    },
    {
      "filename" : "29-1.png",
      "idiom" : "ipad",
      "scale" : "1x",
      "size" : "29x29"
    },
    {
      "filename" : "58-2.png",
      "idiom" : "ipad",
      "scale" : "2x",
      "size" : "29x29"
    },
    {
      "idiom" : "ipad",
      "scale" : "1x",
      "size" : "40x40"
    },
    {
      "idiom" : "ipad",
      "scale" : "2x",
      "size" : "40x40"
    },
    {
      "idiom" : "ipad",
      "scale" : "1x",
      "size" : "76x76"
    },
    {
      "idiom" : "ipad",
      "scale" : "2x",
      "size" : "76x76"
    },
    {
      "idiom" : "ipad",
      "scale" : "2x",
      "size" : "83.5x83.5"
    },
    {
      "idiom" : "ios-marketing",
      "scale" : "1x",
      "size" : "1024x1024"
    },
    {
      "filename" : "16.png",
      "idiom" : "mac",
      "scale" : "1x",
      "size" : "16x16"
    },
    {
      "filename" : "32.png",
      "idiom" : "mac",
      "scale" : "1x",
      "size" : "32x32"
    },
    {
      "filename" : "128.png",
      "idiom" : "mac",
      "scale" : "1x",
      "size" : "128x128"
    },
    {
      "filename" : "256.png",
      "idiom" : "mac",
      "scale" : "1x",
      "size" : "256x256"
    },
    {
      "filename" : "512.png",
      "idiom" : "mac",
      "scale" : "1x",
      "size" : "512x512"
    },
    {
      "filename" : "100.png",
      "idiom" : "universal",
      "scale" : "1x"
    },
    {
      "filename" : "20.png",
      "idiom" : "universal",
      "scale" : "1x",
      "unassigned" : true
    },
    {
      "filename" : "40.png",
      "idiom" : "universal",
      "scale" : "1x",
      "unassigned" : true
    },
    {
      "filename" : "48.png",
      "idiom" : "universal",
      "scale" : "1x",
      "unassigned" : true
    },
    {
      "filename" : "50.png",
      "idiom" : "universal",
      "scale" : "1x",
      "unassigned" : true
    },
    {
      "filename" : "55.png",
      "idiom" : "universal",
      "scale" : "1x",
      "unassigned" : true
    },
    {
      "filename" : "58.png",
      "idiom" : "universal",
      "scale" : "1x",
      "unassigned" : true
    },
    {
      "filename" : "60.png",
      "idiom" : "universal",
      "scale" : "1x",
      "unassigned" : true
    },
    {
      "filename" : "64.png",
      "idiom" : "universal",
      "scale" : "1x",
      "unassigned" : true
    },
    {
      "filename" : "72.png",
      "idiom" : "universal",
      "scale" : "1x",
      "unassigned" : true
    },
    {
      "filename" : "76.png",
      "idiom" : "universal",
      "scale" : "1x",
      "unassigned" : true
    },
    {
      "filename" : "80.png",
      "idiom" : "universal",
      "scale" : "1x",
      "unassigned" : true
    },
    {
      "filename" : "87.png",
      "idiom" : "universal",
      "scale" : "1x",
      "unassigned" : true
    },
    {
      "filename" : "88.png",
      "idiom" : "universal",
      "scale" : "1x",
      "unassigned" : true
    },
    {
      "filename" : "114.png",
      "idiom" : "universal",
      "scale" : "1x",
      "unassigned" : true
    },
    {
      "filename" : "120.png",
      "idiom" : "universal",
      "scale" : "1x",
      "unassigned" : true
    },
    {
      "filename" : "144.png",
      "idiom" : "universal",
      "scale" : "1x",
      "unassigned" : true
    },
    {
      "filename" : "152.png",
      "idiom" : "universal",
      "scale" : "1x",
      "unassigned" : true
    },
    {
      "filename" : "167.png",
      "idiom" : "universal",
      "scale" : "1x",
      "unassigned" : true
    },
    {
      "filename" : "172.png",
      "idiom" : "universal",
      "scale" : "1x",
      "unassigned" : true
    },
    {
      "filename" : "180.png",
      "idiom" : "universal",
      "scale" : "1x",
      "unassigned" : true
    },
    {
      "filename" : "196.png",
      "idiom" : "universal",
      "scale" : "1x",
      "unassigned" : true
    },
    {
      "filename" : "216.png",
      "idiom" : "universal",
      "scale" : "1x",
      "unassigned" : true
    },
    {
      "filename" : "1024.png",
      "idiom" : "universal",
      "scale" : "1x",
      "unassigned" : true
    }
  ],
  "info" : {
    "author" : "xcode",
    "version" : 1
  }
}
